{
    "attenuation_mean": {
        "mean": 68.49175990382602,
        "std": 48.32088186198381
    },
    "attenuation_stdev": {
        "mean": 50.30486114381816,
        "std": 53.61475668563941
    },
    "attenuation_delta": {
        "mean": 162371.93827149677,
        "std": 1433574.4278380668
    },
    "attenuation_skew": {
        "mean": -0.7819217503077919,
        "std": 2.72683832457269
    },
    "attenuation_10th": {
        "mean": 18.181107485261407,
        "std": 76.15606669071461
    },
    "attenuation_uniformity": {
        "mean": 0.23637239097955298,
        "std": 0.09069056452058852
    },
    "glcm_contrast": {
        "mean": 5.336587968460807,
        "std": 17.551046519556703
    },
    "glcm_autocorrelation": {
        "mean": 407.22272872237386,
        "std": 621.6084366110481
    },
    "glcm_idm": {
        "mean": 0.5830065542973353,
        "std": 0.11201792806767215
    },
    "num_components": {
        "mean": 1.6335318369216674,
        "std": 2.9722855535461457
    }
}