bdmap_id,organ,major_axis_mm,minor_axis_mm,least_axis_mm,volume_ml,sphericity,surface_volume_ratio,elongation,flatness,max_3d_diameter_mm,num_components,diameter_x_mm,diameter_y_mm,diameter_z_mm
BDMAP_00375698,spleen,12.74546677080082,11.14217751376605,10.347992395356654,1.0004845781326297,0.6911130669343128,0.69962430311141,0.8742070976397804,0.811895914166388,15.8595452961916,1,14.17578125,12.68359375,11.25
BDMAP_00375699,spleen,13.322222379916797,11.117547768112972,10.55950545823628,1.0922284259796142,0.7365479944167506,0.6375465718042067,0.8345114989877843,0.792623419509548,16.43741134793703,1,14.921875,13.4296875,12.0
BDMAP_00375700,spleen,13.203965265754308,12.115450743226445,10.099568319043202,1.072241000652313,0.6514606404366163,0.7252679273966305,0.9175615430198818,0.7648890402065323,17.112239789412477,1,14.921875,13.4296875,12.75
BDMAP_00375701,prostate,53.18881876391976,35.83662621334239,28.854894150867832,34.899023400664326,0.4705039504762422,0.3145210804659999,0.6737624005602452,0.542499247425313,66.71867338439688,1,50.01171875,47.591796875,45.75
