{
    "major_axis_mm": {
        "mean": 48.33267187584199,
        "std": 31.40606254436861
    },
    "minor_axis_mm": {
        "mean": 30.658114304168528,
        "std": 19.45132919789572
    },
    "least_axis_mm": {
        "mean": 22.5771702168353,
        "std": 15.86064768847835
    },
    "volume_ml": {
        "mean": 42.06457101864466,
        "std": 80.27128013211208
    },
    "sphericity": {
        "mean": 0.6276857504730492,
        "std": 0.15591217194492155
    },
    "surface_volume_ratio": {
        "mean": 0.4533211287757937,
        "std": 0.2828466621451292
    },
    "elongation": {
        "mean": 0.6839911287859731,
        "std": 0.18814379970590045
    },
    "flatness": {
        "mean": 0.5021007510128633,
        "std": 0.19195227207249252
    },
    "max_3d_diameter_mm": {
        "mean": 55.17414360134904,
        "std": 33.34513951475434
    },
    "num_components": {
        "mean": 1.3938497930218805,
        "std": 2.0548258946902305
    }
}