{
    "diameter_x_mm": {
        "mean": 42.27555042181735,
        "std": 28.900821661734458
    },
    "diameter_y_mm": {
        "mean": 40.047004525412234,
        "std": 27.671138309208374
    },
    "diameter_z_mm": {
        "mean": 38.29578921292993,
        "std": 28.41985914405382
    },
    "volume_ml": {
        "mean": 46.90282504938208,
        "std": 95.78305488739282
    },
    "sphericity": {
        "mean": 0.6243287598205131,
        "std": 0.15873802626881853
    },
    "surface_volume_ratio": {
        "mean": 0.47050264444934214,
        "std": 0.32429420446775564
    },
    "elongation": {
        "mean": 0.6832840903531481,
        "std": 0.1879214276940294
    },
    "flatness": {
        "mean": 0.49419326253225876,
        "std": 0.19725003246244796
    },
    "max_3d_diameter_mm": {
        "mean": 56.1211318238067,
        "std": 35.499431464525436
    },
    "num_components": {
        "mean": 1.392303273980471,
        "std": 2.0385739829521947
    }
}