{
    "diameter_x_mm": {
        "mean": 40.9433153941835,
        "std": 27.309737232700257
    },
    "diameter_y_mm": {
        "mean": 38.73318136955577,
        "std": 25.912838977295834
    },
    "diameter_z_mm": {
        "mean": 37.099455248514346,
        "std": 26.929183620689646
    },
    "volume_ml": {
        "mean": 41.05079537362301,
        "std": 78.96827126762297
    },
    "sphericity": {
        "mean": 0.6277723088585752,
        "std": 0.15559750570148764
    },
    "surface_volume_ratio": {
        "mean": 0.47468641984637977,
        "std": 0.3250227761353839
    },
    "elongation": {
        "mean": 0.684887704811149,
        "std": 0.18767230027809162
    },
    "flatness": {
        "mean": 0.4952761452827399,
        "std": 0.19759239005858453
    },
    "max_3d_diameter_mm": {
        "mean": 54.40396161124103,
        "std": 33.47716638047812
    },
    "num_components": {
        "mean": 1.3891164423639555,
        "std": 2.0443336536374455
    }
}