{
    "diameter_x_mm": {
        "mean": 47.875531592820515,
        "std": 38.07809459185011
    },
    "diameter_y_mm": {
        "mean": 45.40188380597292,
        "std": 34.8749710919094
    },
    "diameter_z_mm": {
        "mean": 44.10249003274492,
        "std": 41.43124193872758
    },
    "volume_ml": {
        "mean": 95.65097738849994,
        "std": 386.5900646139454
    },
    "sphericity": {
        "mean": 0.6039392725356788,
        "std": 0.17138815314095376
    },
    "surface_volume_ratio": {
        "mean": 0.4605186703977072,
        "std": 0.3154644090265038
    },
    "elongation": {
        "mean": 0.6808107915618481,
        "std": 0.1877174394778671
    },
    "flatness": {
        "mean": 0.4933798962264207,
        "std": 0.1958176968932305
    },
    "max_3d_diameter_mm": {
        "mean": 64.0506929533514,
        "std": 49.45967123917277
    },
    "num_components": {
        "mean": 1.4892446223111555,
        "std": 2.385886963645657
    }
}