{
    "diameter_x_mm": {
        "mean": 3.5921902990067376,
        "std": 0.7443058835470983,
        "log_scaled": true
    },
    "diameter_y_mm": {
        "mean": 3.5401280214149287,
        "std": 0.7370478362768388,
        "log_scaled": true
    },
    "diameter_z_mm": {
        "mean": 3.428753468241051,
        "std": 0.8989613975364253,
        "log_scaled": true
    },
    "volume_ml": {
        "mean": 2.712712260006757,
        "std": 1.804342044986541,
        "log_scaled": true
    },
    "sphericity": {
        "mean": 0.6202974033143887,
        "std": 0.1634080820011994,
        "log_scaled": false
    },
    "surface_volume_ratio": {
        "mean": 0.3569382392704297,
        "std": 0.19648069949253366,
        "log_scaled": true
    },
    "elongation": {
        "mean": 0.6828373942483505,
        "std": 0.18881194004490776,
        "log_scaled": false
    },
    "flatness": {
        "mean": 0.4944658510396405,
        "std": 0.1969701082734339,
        "log_scaled": false
    },
    "max_3d_diameter_mm": {
        "mean": 3.8824503351886714,
        "std": 0.7498573060261982,
        "log_scaled": true
    },
    "num_components": {
        "mean": 0.0,
        "std": 5.0,
        "log_scaled": false
    }
}