{
    "major_axis_mm": {
        "mean": 48.365396457487584,
        "std": 31.427616337603517
    },
    "minor_axis_mm": {
        "mean": 30.631550691973725,
        "std": 19.4040568984093
    },
    "least_axis_mm": {
        "mean": 22.559254221438255,
        "std": 15.830058144884402
    },
    "volume_ml": {
        "mean": 41.97814390180963,
        "std": 79.95630149335989
    },
    "sphericity": {
        "mean": 0.6274167157503501,
        "std": 0.15603282428575999
    },
    "surface_volume_ratio": {
        "mean": 0.4538544823498699,
        "std": 0.2831385900364352
    },
    "elongation": {
        "mean": 0.6832987247101859,
        "std": 0.1882577928155722
    },
    "flatness": {
        "mean": 0.5016335039587388,
        "std": 0.19199979200084422
    },
    "max_3d_diameter_mm": {
        "mean": 55.194642711325386,
        "std": 33.36445153361603
    },
    "num_components": {
        "mean": 1.396192742415229,
        "std": 2.0607070211697813
    }
}